Method,R [Ω],L [H],C [F],Final Error,Simulation
Bayesian,0.37113833728124385,2.1984870383405357e-08,4.661280928020315e-09,5746.274855186144,SpiceLib
