Method,R [Ω],L [H],C [F],Final Error,Simulation
CMAES,0.34691773868473635,2.205184425655675e-08,4.5417968882722614e-09,4744.848923235229,SpiceLib
