Method,R [Ω],L [H],C [F],Final Error,Simulation
LBFGSB,1.457792642914604,6.876674664035565e-08,1.7339811533556755e-09,1628147.7382310561,SpiceLib
