Method,R [Ω],L [H],C [F],Final Error,Simulation
NelderMead,0.3469175766835993,2.2051826490994144e-08,4.541797322945281e-09,4744.848921848227,SpiceLib
