Method,R [Ω],L [H],C [F],Final Error,Simulation
NSGA2,0.9152961163378421,2.2997298712193888e-08,5.189253653144538e-09,52260.764179096164,SpiceLib
