Method,R [Ω],L [H],C [F],Final Error,Simulation
PSO,1.9366157735829224,7.2969334270801944e-09,1.436555700190952e-08,1603399.092932467,SpiceLib
